PID;USER;PR;NI;VIRT;RES;SHR;S;%CPU;%MEM;TIME+;COMMAND
438;eventum;20;0;130032;6360;3076;R;8.4;0.0;0:42.12;/bin/python3.8 ./python_dummy.py
412;eventum;20;0;130032;6360;3076;R;8.3;0.0;0:54.21;/bin/python3.8 ./python_dummy.py
436;eventum;20;0;107996;620;524;R;8.3;0.0;0:43.40;dd if=/dev/zero of=/dev/null
420;eventum;20;0;107996;640;532;R;8.3;0.0;0:47.75;dd if=/dev/zero of=/dev/null
18001;kafka;20;0;10.8g;1.2g;11924;S;1.4;2.5;1868:18;java -Xmx1G -Xms1G -server -XX:+UseG1GC -XX:MaxGCPauseMillis=20 -XX:InitiatingHeapOccupancyPerc+
22843;root;20;0;1103632;389708;4028;S;0.3;0.8;21974:21;/opt/fireeye/bin/xagt --mode Eventor --iofd 3 --cmname 12 --log INFO --logfd 4
7665;logstash;39;19;7770144;576796;6280;S;0.2;1.1;19966:57;/bin/java -Xms256m -Xmx1g -XX:+UseParNewGC -XX:+UseConcMarkSweepGC -XX:CMSInitiatingOccupancyFr+
20172;tomcat;20;0;12.4g;4.7g;8084;S;0.2;9.5;1473:13;/usr/bin/java -Dnop -Djava.util.logging.manager=org.apache.logging.log4j.jul.LogManager -Dfile.+
14200;upm;20;0;6617008;603736;16740;S;0.2;1.2;5:07.37;/usr/bin/java -jar -Xms512m -Xmx512m -XX:+HeapDumpOnOutOfMemoryError -XX:HeapDumpPath=/app1/app+
28956;spark;20;0;10.2g;2.6g;7948;S;0.2;5.2;4025:51;/app1/bin/jdk/jdk1.8.0_281/jre/bin/java -cp /app1/apps/spark-3.2.1/conf/:/app1/apps/spark-3.2.1+
20470;upm;20;0;8649632;926552;7868;S;0.2;1.8;1056:06;/usr/bin/java -jar -Xms512m -Xmx512m -XX:+HeapDumpOnOutOfMemoryError -XX:HeapDumpPath=/app1/app+
31715;spark;20;0;9.8g;2.5g;8128;S;0.2;5.2;1721:47;/app1/bin/jdk/jdk1.8.0_281/jre/bin/java -cp /app1/apps/spark-3.2.1/conf/:/app1/apps/spark-3.2.1+
3959;elastic+;20;0;19.0g;10.4g;275316;S;0.2;21.2;901:33.98;/usr/share/elasticsearch/jdk/bin/java -Des.networkaddress.cache.ttl=60 -Des.networkaddress.cach+
657;eventum;20;0;162176;2568;1672;R;0.1;0.0;0:00.08;top c -b -n2
3953;root;20;0;105836;41084;40624;S;0.1;0.1;11907:13;/usr/lib/systemd/systemd-journald
22879;root;20;0;783216;32472;10836;S;0.1;0.1;13548:44;/opt/fireeye/bin/rte-sensor
1273;upm;20;0;4907960;352612;11460;S;0.1;0.7;258:55.56;/usr/bin/java -jar -Xms512m -Xmx512m -XX:+HeapDumpOnOutOfMemoryError -XX:HeapDumpPath=/app1/app+
1970;spark;20;0;9102372;705692;11316;S;0.1;1.4;107:50.63;/app1/bin/jdk/jdk1.8.0_281/jre/bin/java -cp /app1/apps/spark-3.2.1/conf/:/app1/apps/spark-3.2.1+
20359;upm;20;0;9983872;1.3g;7472;S;0.1;2.6;445:32.04;/usr/bin/java -jar -Xms2g -Xmx2g -XX:+HeapDumpOnOutOfMemoryError -XX:HeapDumpPath=/app1/apps/dc+
31281;upm;20;0;5771164;338912;6852;S;0.1;0.7;335:43.48;/usr/bin/java -jar -Xms512m -Xmx512m -XX:+HeapDumpOnOutOfMemoryError -XX:HeapDumpPath=/app1/app+
31287;upm;20;0;4584568;312172;7180;S;0.1;0.6;377:16.22;/usr/bin/java -jar -Xms512m -Xmx512m -XX:+HeapDumpOnOutOfMemoryError -XX:HeapDumpPath=/app1/app+
31295;upm;20;0;5430692;435968;7276;S;0.1;0.8;239:26.91;/usr/bin/java -jar -Xms512m -Xmx512m -XX:+HeapDumpOnOutOfMemoryError -XX:HeapDumpPath=/app1/app+
31299;upm;20;0;4850608;342364;7052;S;0.1;0.7;343:44.98;/usr/bin/java -jar -Xms512m -Xmx512m -XX:+HeapDumpOnOutOfMemoryError -XX:HeapDumpPath=/app1/app+
31309;upm;20;0;4169428;308448;6852;S;0.1;0.6;334:19.72;/usr/bin/java -jar -Xms512m -Xmx512m -XX:+HeapDumpOnOutOfMemoryError -XX:HeapDumpPath=/app1/app+
31320;upm;20;0;4173956;328828;7144;S;0.1;0.6;333:00.66;/usr/bin/java -jar -Xms512m -Xmx512m -XX:+HeapDumpOnOutOfMemoryError -XX:HeapDumpPath=/app1/app+
31343;upm;20;0;4371612;307160;6864;S;0.1;0.6;383:46.53;/usr/bin/java -jar -Xms512m -Xmx512m -XX:+HeapDumpOnOutOfMemoryError -XX:HeapDumpPath=/app1/app+
31345;spark;20;0;9320948;592784;7804;S;0.1;1.2;447:52.10;/app1/bin/jdk/jdk1.8.0_281/jre/bin/java -cp /app1/apps/spark-3.2.1/conf/:/app1/apps/spark-3.2.1+
11847;spark;20;0;9183300;533252;8288;S;0.1;1.0;239:30.56;/app1/bin/jdk/jdk1.8.0_281/jre/bin/java -cp /app1/apps/spark-3.2.1/conf/:/app1/apps/spark-3.2.1+
15566;spark;20;0;9923.0m;2.3g;8388;S;0.1;4.6;206:29.15;/app1/bin/jdk/jdk1.8.0_281/jre/bin/java -cp /app1/apps/spark-3.2.1/conf/:/app1/apps/spark-3.2.1+
17855;root;20;0;3462596;2.5g;26872;S;0.1;5.1;1199:47;/usr/sbin/rsyslogd -n
28788;spark;20;0;9342620;1.0g;7752;S;0.1;2.1;624:21.01;/app1/bin/jdk/jdk1.8.0_281/jre/bin/java -cp /app1/apps/spark-3.2.1/conf/:/app1/apps/spark-3.2.1+
30376;spark;20;0;9308192;821884;7876;S;0.1;1.6;557:16.70;/app1/bin/jdk/jdk1.8.0_281/jre/bin/java -cp /app1/apps/spark-3.2.1/conf/:/app1/apps/spark-3.2.1+
31280;upm;20;0;5276852;443024;7732;S;0.1;0.9;402:53.30;/usr/bin/java -jar -Xms512m -Xmx512m -XX:+HeapDumpOnOutOfMemoryError -XX:HeapDumpPath=/app1/app+
31284;upm;20;0;5313416;383100;7700;S;0.1;0.7;296:23.03;/usr/bin/java -jar -Xms512m -Xmx512m -XX:+HeapDumpOnOutOfMemoryError -XX:HeapDumpPath=/app1/app+
31285;upm;20;0;4745548;832084;7476;S;0.1;1.6;784:43.89;/usr/bin/java -jar -Xms512m -Xmx512m -XX:+HeapDumpOnOutOfMemoryError -XX:HeapDumpPath=/app1/app+
31291;upm;20;0;4016036;230512;5944;S;0.1;0.4;144:24.59;/usr/bin/java -jar -Xms512m -Xmx512m -XX:+HeapDumpOnOutOfMemoryError -XX:HeapDumpPath=/app1/app+
31296;upm;20;0;5920828;429968;8080;S;0.1;0.8;297:17.16;/usr/bin/java -jar -Xms512m -Xmx512m -XX:+HeapDumpOnOutOfMemoryError -XX:HeapDumpPath=/app1/app+
31306;upm;20;0;4502384;324436;7056;S;0.1;0.6;324:41.20;/usr/bin/java -jar -Xms512m -Xmx512m -XX:+HeapDumpOnOutOfMemoryError -XX:HeapDumpPath=/app1/app+
31323;upm;20;0;3834632;313776;7448;S;0.1;0.6;234:41.16;/usr/bin/java -jar -Xms512m -Xmx512m -XX:+HeapDumpOnOutOfMemoryError -XX:HeapDumpPath=/app1/app+
1;root;20;0;202436;4808;2556;S;0.0;0.0;2629:19;/usr/lib/systemd/systemd --switched-root --system --deserialize 22
10;root;20;0;0;0;0;S;0.0;0.0;2247:53;[rcu_sched]
7651;kibana;20;0;1681716;236944;5612;S;0.0;0.5;5895:18;/usr/share/kibana/bin/../node/bin/node /usr/share/kibana/bin/../src/cli -c /etc/kibana/kibana.y+
8260;redis;20;0;230752;57824;820;S;0.0;0.1;2544:53;/usr/bin/redis-server 192.168.45.66:6379
20755;root;20;0;233732;1876;980;S;0.0;0.0;445:39.62;/usr/sbin/snmpd -LS0-6d -f
23645;kafka;20;0;6786596;478308;6888;S;0.0;0.9;3261:01;java -Xmx512M -server -XX:+UseG1GC -XX:MaxGCPauseMillis=20 -XX:InitiatingHeapOccupancyPercent=3+
28484;kafka;20;0;6883192;404864;11220;S;0.0;0.8;16:19.99;java -Xmx512M -Xms512M -server -XX:+UseG1GC -XX:MaxGCPauseMillis=20 -XX:InitiatingHeapOccupancy+
2;root;20;0;0;0;0;S;0.0;0.0;5:36.19;[kthreadd]
3;root;20;0;0;0;0;S;0.0;0.0;21:32.67;[ksoftirqd/0]
5;root;0;-20;0;0;0;S;0.0;0.0;0:00.00;[kworker/0:0H]
6;root;20;0;0;0;0;S;0.0;0.0;0:00.00;[kworker/u24:0]
8;root;rt;0;0;0;0;S;0.0;0.0;44:39.10;[migration/0]
9;root;20;0;0;0;0;S;0.0;0.0;0:00.00;[rcu_bh]
11;root;0;-20;0;0;0;S;0.0;0.0;0:00.00;[lru-add-drain]
12;root;rt;0;0;0;0;S;0.0;0.0;3:55.23;[watchdog/0]
13;root;rt;0;0;0;0;S;0.0;0.0;6:22.36;[watchdog/1]
14;root;rt;0;0;0;0;S;0.0;0.0;50:03.13;[migration/1]
15;root;20;0;0;0;0;S;0.0;0.0;14:56.23;[ksoftirqd/1]
17;root;0;-20;0;0;0;S;0.0;0.0;0:00.00;[kworker/1:0H]
18;root;rt;0;0;0;0;S;0.0;0.0;5:36.43;[watchdog/2]
19;root;rt;0;0;0;0;S;0.0;0.0;49:01.96;[migration/2]
20;root;20;0;0;0;0;S;0.0;0.0;13:06.94;[ksoftirqd/2]
22;root;0;-20;0;0;0;S;0.0;0.0;0:00.00;[kworker/2:0H]
23;root;rt;0;0;0;0;S;0.0;0.0;5:09.73;[watchdog/3]
24;root;rt;0;0;0;0;S;0.0;0.0;48:12.23;[migration/3]
25;root;20;0;0;0;0;S;0.0;0.0;14:46.97;[ksoftirqd/3]
27;root;0;-20;0;0;0;S;0.0;0.0;0:00.00;[kworker/3:0H]
28;root;rt;0;0;0;0;S;0.0;0.0;5:06.69;[watchdog/4]
29;root;rt;0;0;0;0;S;0.0;0.0;48:03.16;[migration/4]
30;root;20;0;0;0;0;S;0.0;0.0;11:26.03;[ksoftirqd/4]
32;root;0;-20;0;0;0;S;0.0;0.0;0:00.00;[kworker/4:0H]
33;root;rt;0;0;0;0;S;0.0;0.0;5:14.43;[watchdog/5]
34;root;rt;0;0;0;0;S;0.0;0.0;47:59.44;[migration/5]
35;root;20;0;0;0;0;S;0.0;0.0;10:45.65;[ksoftirqd/5]
37;root;0;-20;0;0;0;S;0.0;0.0;0:00.00;[kworker/5:0H]
38;root;rt;0;0;0;0;S;0.0;0.0;6:49.71;[watchdog/6]
39;root;rt;0;0;0;0;S;0.0;0.0;49:36.17;[migration/6]
40;root;20;0;0;0;0;S;0.0;0.0;16:36.61;[ksoftirqd/6]
42;root;0;-20;0;0;0;S;0.0;0.0;0:00.00;[kworker/6:0H]
44;root;rt;0;0;0;0;S;0.0;0.0;7:33.90;[watchdog/7]
45;root;rt;0;0;0;0;S;0.0;0.0;51:31.16;[migration/7]
46;root;20;0;0;0;0;S;0.0;0.0;16:58.72;[ksoftirqd/7]
48;root;0;-20;0;0;0;S;0.0;0.0;0:00.00;[kworker/7:0H]
49;root;rt;0;0;0;0;S;0.0;0.0;6:45.02;[watchdog/8]
50;root;rt;0;0;0;0;S;0.0;0.0;49:22.06;[migration/8]
51;root;20;0;0;0;0;S;0.0;0.0;15:20.24;[ksoftirqd/8]
53;root;0;-20;0;0;0;S;0.0;0.0;0:00.00;[kworker/8:0H]
54;root;rt;0;0;0;0;S;0.0;0.0;6:17.70;[watchdog/9]
55;root;rt;0;0;0;0;S;0.0;0.0;47:45.28;[migration/9]
56;root;20;0;0;0;0;S;0.0;0.0;14:45.85;[ksoftirqd/9]
58;root;0;-20;0;0;0;S;0.0;0.0;0:00.00;[kworker/9:0H]
59;root;rt;0;0;0;0;S;0.0;0.0;6:03.47;[watchdog/10]
60;root;rt;0;0;0;0;S;0.0;0.0;47:08.40;[migration/10]
61;root;20;0;0;0;0;S;0.0;0.0;14:20.06;[ksoftirqd/10]
63;root;0;-20;0;0;0;S;0.0;0.0;0:00.00;[kworker/10:0H]
64;root;rt;0;0;0;0;S;0.0;0.0;5:50.97;[watchdog/11]
65;root;rt;0;0;0;0;S;0.0;0.0;47:44.07;[migration/11]
66;root;20;0;0;0;0;S;0.0;0.0;14:34.84;[ksoftirqd/11]
68;root;0;-20;0;0;0;S;0.0;0.0;0:00.00;[kworker/11:0H]
71;root;20;0;0;0;0;S;0.0;0.0;0:00.00;[kdevtmpfs]
72;root;0;-20;0;0;0;S;0.0;0.0;0:00.00;[netns]
73;root;20;0;0;0;0;S;0.0;0.0;5:27.38;[khungtaskd]
74;root;0;-20;0;0;0;S;0.0;0.0;0:03.99;[writeback]
75;root;0;-20;0;0;0;S;0.0;0.0;0:00.00;[kintegrityd]
76;root;0;-20;0;0;0;S;0.0;0.0;0:00.00;[bioset]
77;root;0;-20;0;0;0;S;0.0;0.0;0:00.00;[bioset]
78;root;0;-20;0;0;0;S;0.0;0.0;0:00.00;[bioset]
79;root;0;-20;0;0;0;S;0.0;0.0;0:00.00;[kblockd]
80;root;0;-20;0;0;0;S;0.0;0.0;0:00.00;[md]
81;root;0;-20;0;0;0;S;0.0;0.0;0:00.00;[edac-poller]
82;root;0;-20;0;0;0;S;0.0;0.0;0:00.00;[watchdogd]
88;root;20;0;0;0;0;S;0.0;0.0;164:37.17;[kswapd0]
89;root;20;0;0;0;0;S;0.0;0.0;46:41.31;[kswapd1]
90;root;25;5;0;0;0;S;0.0;0.0;0:00.00;[ksmd]
91;root;39;19;0;0;0;S;0.0;0.0;3:25.99;[khugepaged]
92;root;0;-20;0;0;0;S;0.0;0.0;0:00.00;[crypto]
100;root;0;-20;0;0;0;S;0.0;0.0;0:00.00;[kthrotld]
102;root;0;-20;0;0;0;S;0.0;0.0;0:00.00;[kmpath_rdacd]
103;root;0;-20;0;0;0;S;0.0;0.0;0:00.00;[kaluad]
105;root;0;-20;0;0;0;S;0.0;0.0;0:00.00;[kpsmoused]
107;root;0;-20;0;0;0;S;0.0;0.0;0:00.00;[ipv6_addrconf]
122;root;0;-20;0;0;0;S;0.0;0.0;0:00.00;[deferwq]
123;root;20;0;0;0;0;S;0.0;0.0;0:00.04;[kworker/u24:1]
159;root;20;0;0;0;0;S;0.0;0.0;18:29.26;[kauditd]
419;eventum;20;0;115568;1124;592;S;0.0;0.0;0:00.00;-bash
435;eventum;20;0;115568;1124;592;S;0.0;0.0;0:00.00;-bash
610;upm;20;0;0;0;0;Z;0.0;0.0;0:00.00;[systemctl] <defunct>
611;upm;20;0;0;0;0;Z;0.0;0.0;0:00.00;[systemctl] <defunct>
612;upm;20;0;0;0;0;Z;0.0;0.0;0:00.00;[systemctl] <defunct>
613;upm;20;0;0;0;0;Z;0.0;0.0;0:00.00;[systemctl] <defunct>
614;upm;20;0;0;0;0;Z;0.0;0.0;0:00.00;[systemctl] <defunct>
615;upm;20;0;0;0;0;Z;0.0;0.0;0:00.00;[systemctl] <defunct>
629;upm;20;0;0;0;0;Z;0.0;0.0;0:00.00;[systemctl] <defunct>
630;upm;20;0;0;0;0;Z;0.0;0.0;0:00.00;[systemctl] <defunct>
631;upm;20;0;0;0;0;Z;0.0;0.0;0:00.00;[systemctl] <defunct>
632;upm;20;0;0;0;0;Z;0.0;0.0;0:00.00;[systemctl] <defunct>
633;upm;20;0;0;0;0;Z;0.0;0.0;0:00.00;[systemctl] <defunct>
635;upm;20;0;0;0;0;Z;0.0;0.0;0:00.00;[systemctl] <defunct>
636;upm;20;0;0;0;0;Z;0.0;0.0;0:00.00;[systemctl] <defunct>
637;upm;20;0;0;0;0;Z;0.0;0.0;0:00.00;[systemctl] <defunct>
638;upm;20;0;0;0;0;Z;0.0;0.0;0:00.00;[systemctl] <defunct>
639;upm;20;0;0;0;0;Z;0.0;0.0;0:00.00;[systemctl] <defunct>
640;upm;20;0;0;0;0;Z;0.0;0.0;0:00.00;[systemctl] <defunct>
641;upm;20;0;0;0;0;Z;0.0;0.0;0:00.00;[systemctl] <defunct>
642;upm;20;0;0;0;0;Z;0.0;0.0;0:00.00;[systemctl] <defunct>
643;upm;20;0;0;0;0;Z;0.0;0.0;0:00.00;[systemctl] <defunct>
644;upm;20;0;0;0;0;Z;0.0;0.0;0:00.00;[systemctl] <defunct>
645;upm;20;0;0;0;0;Z;0.0;0.0;0:00.00;[systemctl] <defunct>
646;upm;20;0;0;0;0;Z;0.0;0.0;0:00.00;[systemctl] <defunct>
647;upm;20;0;0;0;0;Z;0.0;0.0;0:00.00;[systemctl] <defunct>
648;upm;20;0;0;0;0;Z;0.0;0.0;0:00.00;[systemctl] <defunct>
649;upm;20;0;0;0;0;Z;0.0;0.0;0:00.00;[systemctl] <defunct>
650;upm;20;0;0;0;0;Z;0.0;0.0;0:00.00;[systemctl] <defunct>
656;eventum;20;0;113176;1336;1140;S;0.0;0.0;0:00.00;/bin/bash ../add.sh
658;eventum;20;0;113540;980;824;S;0.0;0.0;0:00.00;awk -vN=3 /PID USER/ {++n} n<N {next}1
659;eventum;20;0;116936;712;572;S;0.0;0.0;0:00.00;sed s/^[ \t] //
660;eventum;20;0;107976;356;284;S;0.0;0.0;0:00.00;tr -s [:blank:]
661;eventum;20;0;116936;920;768;S;0.0;0.0;0:00.00;sed s/ / /g12
662;eventum;20;0;116936;708;572;S;0.0;0.0;0:00.00;sed s/ /;/g
663;eventum;20;0;116936;932;780;S;0.0;0.0;0:00.00;sed s/ / /g
665;root;20;0;0;0;0;S;0.0;0.0;0:00.00;[kworker/3:0]
908;root;0;-20;0;0;0;S;0.0;0.0;0:00.00;[nfit]
1021;root;20;0;158856;5980;4624;S;0.0;0.0;0:00.32;sshd: eventum [priv]
1026;root;20;0;158860;5812;4456;S;0.0;0.0;0:00.28;sshd: eventum [priv]
1028;eventum;20;0;159184;2912;1240;S;0.0;0.0;0:01.33;sshd: eventum@pts/0
1032;eventum;20;0;158860;2340;984;S;0.0;0.0;0:00.00;sshd: eventum@notty
1033;eventum;20;0;72200;2700;1968;S;0.0;0.0;0:00.01;/usr/libexec/openssh/sftp-server
1042;eventum;20;0;115568;2164;1632;S;0.0;0.0;0:00.50;-bash
1267;root;20;0;0;0;0;S;0.0;0.0;0:02.88;[kworker/6:1]
1770;root;0;-20;0;0;0;S;0.0;0.0;0:00.00;[ata_sff]
1815;root;20;0;0;0;0;S;0.0;0.0;0:00.01;[scsi_eh_0]
1831;root;0;-20;0;0;0;S;0.0;0.0;0:00.00;[scsi_tmf_0]
1837;root;20;0;0;0;0;S;0.0;0.0;0:00.01;[scsi_eh_1]
1843;root;0;-20;0;0;0;S;0.0;0.0;0:00.00;[scsi_tmf_1]
1881;root;20;0;0;0;0;S;0.0;0.0;0:00.00;[scsi_eh_2]
1887;root;0;-20;0;0;0;S;0.0;0.0;0:00.00;[scsi_tmf_2]
1892;root;0;-20;0;0;0;S;0.0;0.0;0:00.00;[vmw_pvscsi_wq_2]
2012;root;20;0;0;0;0;S;0.0;0.0;0:00.00;[scsi_eh_3]
2035;root;0;-20;0;0;0;S;0.0;0.0;0:00.00;[scsi_tmf_3]
2042;root;20;0;0;0;0;S;0.0;0.0;0:00.00;[scsi_eh_4]
2064;root;0;-20;0;0;0;S;0.0;0.0;0:00.00;[scsi_tmf_4]
2085;root;20;0;0;0;0;S;0.0;0.0;0:00.00;[scsi_eh_5]
2086;root;0;-20;0;0;0;S;0.0;0.0;0:00.00;[scsi_tmf_5]
2088;root;20;0;0;0;0;S;0.0;0.0;0:00.00;[scsi_eh_6]
2089;root;0;-20;0;0;0;S;0.0;0.0;0:00.00;[scsi_tmf_6]
2090;root;20;0;0;0;0;S;0.0;0.0;0:00.00;[scsi_eh_7]
2091;root;0;-20;0;0;0;S;0.0;0.0;0:00.00;[scsi_tmf_7]
2113;root;20;0;0;0;0;S;0.0;0.0;0:00.00;[scsi_eh_8]
2131;root;0;-20;0;0;0;S;0.0;0.0;0:00.00;[scsi_tmf_8]
2139;root;20;0;0;0;0;S;0.0;0.0;0:00.00;[scsi_eh_9]
2152;root;0;-20;0;0;0;S;0.0;0.0;0:00.00;[scsi_tmf_9]
2162;root;20;0;0;0;0;S;0.0;0.0;0:00.00;[scsi_eh_10]
2164;root;0;-20;0;0;0;S;0.0;0.0;0:00.00;[scsi_tmf_10]
2165;root;20;0;0;0;0;S;0.0;0.0;0:00.00;[scsi_eh_11]
2166;root;0;-20;0;0;0;S;0.0;0.0;0:00.00;[scsi_tmf_11]
2168;root;20;0;0;0;0;S;0.0;0.0;0:00.00;[scsi_eh_12]
2169;root;0;-20;0;0;0;S;0.0;0.0;0:00.00;[scsi_tmf_12]
2171;root;20;0;0;0;0;S;0.0;0.0;0:00.00;[scsi_eh_13]
2243;root;0;-20;0;0;0;S;0.0;0.0;0:00.00;[scsi_tmf_13]
2252;root;20;0;0;0;0;S;0.0;0.0;0:00.00;[scsi_eh_14]
2253;root;0;-20;0;0;0;S;0.0;0.0;0:00.00;[scsi_tmf_14]
2272;root;20;0;0;0;0;S;0.0;0.0;0:00.00;[scsi_eh_15]
2292;root;0;-20;0;0;0;S;0.0;0.0;0:00.00;[scsi_tmf_15]
2299;root;20;0;0;0;0;S;0.0;0.0;0:00.00;[scsi_eh_16]
2304;root;0;-20;0;0;0;S;0.0;0.0;0:00.00;[scsi_tmf_16]
2312;root;20;0;0;0;0;S;0.0;0.0;0:00.00;[scsi_eh_17]
2329;root;0;-20;0;0;0;S;0.0;0.0;0:00.00;[scsi_tmf_17]
2330;root;20;0;0;0;0;S;0.0;0.0;0:00.00;[scsi_eh_18]
2337;root;0;-20;0;0;0;S;0.0;0.0;0:00.00;[ttm_swap]
2344;root;0;-20;0;0;0;S;0.0;0.0;0:00.00;[scsi_tmf_18]
2353;root;20;0;0;0;0;S;0.0;0.0;0:00.00;[scsi_eh_19]
2356;root;0;-20;0;0;0;S;0.0;0.0;0:00.00;[scsi_tmf_19]
2360;root;-51;0;0;0;0;S;0.0;0.0;0:00.00;[irq/16-vmwgfx]
2372;root;20;0;0;0;0;S;0.0;0.0;0:00.00;[scsi_eh_20]
2379;root;0;-20;0;0;0;S;0.0;0.0;0:00.00;[scsi_tmf_20]
2441;root;20;0;0;0;0;S;0.0;0.0;0:00.00;[scsi_eh_21]
2448;root;0;-20;0;0;0;S;0.0;0.0;0:00.00;[scsi_tmf_21]
2452;root;20;0;0;0;0;S;0.0;0.0;0:00.00;[scsi_eh_22]
2453;root;0;-20;0;0;0;S;0.0;0.0;0:00.00;[scsi_tmf_22]
2462;root;20;0;0;0;0;S;0.0;0.0;0:00.00;[scsi_eh_23]
2480;root;0;-20;0;0;0;S;0.0;0.0;0:00.00;[scsi_tmf_23]
2497;root;20;0;0;0;0;S;0.0;0.0;0:00.00;[scsi_eh_24]
2498;root;0;-20;0;0;0;S;0.0;0.0;0:00.00;[scsi_tmf_24]
2500;root;20;0;0;0;0;S;0.0;0.0;0:00.00;[scsi_eh_25]
2507;root;0;-20;0;0;0;S;0.0;0.0;0:00.00;[scsi_tmf_25]
2513;root;20;0;0;0;0;S;0.0;0.0;0:00.00;[scsi_eh_26]
2517;root;0;-20;0;0;0;S;0.0;0.0;0:00.00;[scsi_tmf_26]
2520;root;20;0;0;0;0;S;0.0;0.0;0:00.00;[scsi_eh_27]
2525;root;0;-20;0;0;0;S;0.0;0.0;0:00.00;[scsi_tmf_27]
2552;root;20;0;0;0;0;S;0.0;0.0;0:00.00;[scsi_eh_28]
2569;root;0;-20;0;0;0;S;0.0;0.0;0:00.00;[scsi_tmf_28]
2571;root;20;0;0;0;0;S;0.0;0.0;0:00.00;[scsi_eh_29]
2587;root;0;-20;0;0;0;S;0.0;0.0;0:00.00;[scsi_tmf_29]
2600;root;20;0;0;0;0;S;0.0;0.0;0:00.00;[scsi_eh_30]
2611;root;0;-20;0;0;0;S;0.0;0.0;0:00.00;[scsi_tmf_30]
2612;root;20;0;0;0;0;S;0.0;0.0;0:00.00;[scsi_eh_31]
2620;root;0;-20;0;0;0;S;0.0;0.0;0:00.00;[scsi_tmf_31]
2631;root;20;0;0;0;0;S;0.0;0.0;0:00.00;[scsi_eh_32]
2637;root;0;-20;0;0;0;S;0.0;0.0;0:00.00;[scsi_tmf_32]
3709;mysql;20;0;31.8g;3.2g;6780;S;0.0;6.4;2528:52;/usr/sbin/mysqld
3820;root;0;-20;0;0;0;S;0.0;0.0;0:00.00;[kdmflush]
3821;root;0;-20;0;0;0;S;0.0;0.0;0:00.00;[bioset]
3837;root;0;-20;0;0;0;S;0.0;0.0;0:00.00;[kdmflush]
3838;root;0;-20;0;0;0;S;0.0;0.0;0:00.00;[bioset]
3857;root;0;-20;0;0;0;S;0.0;0.0;0:00.00;[bioset]
3863;root;0;-20;0;0;0;S;0.0;0.0;0:00.01;[xfsalloc]
3864;root;0;-20;0;0;0;S;0.0;0.0;0:00.00;[xfs_mru_cache]
3876;root;0;-20;0;0;0;S;0.0;0.0;0:00.02;[xfs-buf/dm-0]
3877;root;0;-20;0;0;0;S;0.0;0.0;0:00.12;[xfs-data/dm-0]
3878;root;0;-20;0;0;0;S;0.0;0.0;0:00.00;[xfs-conv/dm-0]
3879;root;0;-20;0;0;0;S;0.0;0.0;0:00.73;[xfs-cil/dm-0]
3880;root;0;-20;0;0;0;S;0.0;0.0;0:00.00;[xfs-reclaim/dm-]
3881;root;0;-20;0;0;0;S;0.0;0.0;0:00.00;[xfs-log/dm-0]
3882;root;0;-20;0;0;0;S;0.0;0.0;0:00.00;[xfs-eofblocks/d]
3883;root;20;0;0;0;0;S;0.0;0.0;235:05.75;[xfsaild/dm-0]
3884;root;0;-20;0;0;0;S;0.0;0.0;11:21.91;[kworker/3:1H]
3977;root;20;0;201088;196;196;S;0.0;0.0;0:00.34;/usr/sbin/lvmetad -f
3991;root;20;0;48348;316;312;S;0.0;0.0;0:00.92;/usr/lib/systemd/systemd-udevd
4120;elastic+;20;0;70444;584;584;S;0.0;0.0;0:00.03;/usr/share/elasticsearch/modules/x-pack-ml/platform/linux-x86_64/bin/controller
4511;root;20;0;0;0;0;S;0.0;0.0;0:00.14;[kworker/3:2]
4821;root;20;0;0;0;0;S;0.0;0.0;0:00.03;[kworker/4:1]
7393;root;0;-20;0;0;0;S;0.0;0.0;0:00.00;[xfs-buf/sda1]
7394;root;0;-20;0;0;0;S;0.0;0.0;0:00.00;[xfs-data/sda1]
7396;root;0;-20;0;0;0;S;0.0;0.0;0:00.00;[xfs-conv/sda1]
7402;root;0;-20;0;0;0;S;0.0;0.0;0:00.00;[xfs-cil/sda1]
7406;root;0;-20;0;0;0;S;0.0;0.0;0:00.00;[xfs-reclaim/sda]
7407;root;0;-20;0;0;0;S;0.0;0.0;0:00.00;[xfs-log/sda1]
7414;root;0;-20;0;0;0;S;0.0;0.0;0:00.00;[xfs-eofblocks/s]
7420;root;20;0;0;0;0;S;0.0;0.0;0:00.00;[xfsaild/sda1]
7583;root;0;-20;0;0;0;S;0.0;0.0;10:50.16;[kworker/0:1H]
7584;root;0;-20;0;0;0;S;0.0;0.0;0:00.00;[kdmflush]
7586;root;0;-20;0;0;0;S;0.0;0.0;0:00.00;[bioset]
7593;root;0;-20;0;0;0;S;0.0;0.0;14:36.59;[kworker/8:1H]
7595;root;0;-20;0;0;0;S;0.0;0.0;0:00.12;[xfs-buf/dm-2]
7596;root;0;-20;0;0;0;S;0.0;0.0;0:00.19;[xfs-data/dm-2]
7597;root;0;-20;0;0;0;S;0.0;0.0;0:00.00;[xfs-conv/dm-2]
7598;root;0;-20;0;0;0;S;0.0;0.0;0:00.98;[xfs-cil/dm-2]
7599;root;0;-20;0;0;0;S;0.0;0.0;0:00.00;[xfs-reclaim/dm-]
7600;root;0;-20;0;0;0;S;0.0;0.0;0:00.00;[xfs-log/dm-2]
7601;root;0;-20;0;0;0;S;0.0;0.0;0:00.00;[xfs-eofblocks/d]
7602;root;20;0;0;0;0;S;0.0;0.0;375:56.79;[xfsaild/dm-2]
7625;root;16;-4;55524;300;192;S;0.0;0.0;105:18.88;/sbin/auditd
7648;root;20;0;21664;420;264;S;0.0;0.0;99:37.20;/usr/sbin/irqbalance --foreground
7653;root;20;0;99680;0;0;S;0.0;0.0;0:00.03;/usr/bin/VGAuthService -s
7656;root;20;0;228280;452;448;S;0.0;0.0;0:00.15;/usr/sbin/abrtd -d -s
7658;root;20;0;225728;136;100;S;0.0;0.0;86:06.47;/usr/bin/abrt-watch-log -F BUG: WARNING: at WARNING: CPU: INFO: possible recursive locking dete+
7659;polkitd;20;0;716672;2076;1092;S;0.0;0.0;401:24.92;/usr/lib/polkit-1/polkitd --no-debug
7660;root;20;0;300836;1560;1200;S;0.0;0.0;1060:12;/usr/bin/vmtoolsd
7667;root;20;0;26744;1128;820;S;0.0;0.0;573:17.35;/usr/lib/systemd/systemd-logind
7668;dbus;20;0;67008;1412;700;S;0.0;0.0;1992:40;/usr/bin/dbus-daemon --system --address=systemd: --nofork --nopidfile --systemd-activation
7700;root;20;0;473824;1764;1032;S;0.0;0.0;152:25.31;/usr/sbin/NetworkManager --no-daemon
7723;root;20;0;126320;984;544;S;0.0;0.0;14:35.13;/usr/sbin/crond -n
7727;root;20;0;110104;28;24;S;0.0;0.0;0:00.01;/sbin/agetty --noclear tty1 linux
7750;root;0;-20;0;0;0;S;0.0;0.0;11:36.35;[kworker/6:1H]
8039;upm;20;0;347164;10400;2028;S;0.0;0.0;2601:01;/usr/local/bin/monit -I
8042;root;20;0;112864;400;292;S;0.0;0.0;72:13.50;/usr/sbin/sshd -D
8049;root;20;0;573944;948;440;S;0.0;0.0;159:56.42;/usr/bin/python2 -Es /usr/sbin/tuned -l -P
8056;elastic+;30;10;1406384;5492;1596;S;0.0;0.0;536:52.65;/app1/apps/elasticsearch-exporter/bin/elasticsearch_exporter --es.all --es.indices --es.uri=htt+
8622;root;20;0;90308;276;196;S;0.0;0.0;22:57.17;/usr/libexec/postfix/master -w
8624;postfix;20;0;90588;548;396;S;0.0;0.0;4:46.31;qmgr -l -t unix -u
8898;root;0;-20;0;0;0;S;0.0;0.0;11:12.70;[kworker/1:1H]
9168;root;0;-20;0;0;0;S;0.0;0.0;11:14.18;[kworker/4:1H]
9194;root;0;-20;0;0;0;S;0.0;0.0;11:20.41;[kworker/2:1H]
9203;root;0;-20;0;0;0;S;0.0;0.0;13:31.65;[kworker/7:1H]
9208;root;0;-20;0;0;0;S;0.0;0.0;11:29.49;[kworker/5:1H]
9209;root;0;-20;0;0;0;S;0.0;0.0;11:18.58;[kworker/11:1H]
9216;root;0;-20;0;0;0;S;0.0;0.0;10:50.29;[kworker/9:1H]
9226;root;0;-20;0;0;0;S;0.0;0.0;10:58.31;[kworker/10:1H]
9626;root;20;0;0;0;0;S;0.0;0.0;0:00.00;[kworker/3:1]
10923;root;20;0;158860;5788;4428;S;0.0;0.0;0:00.26;sshd: eventum [priv]
10948;eventum;20;0;158860;2484;1108;S;0.0;0.0;0:00.01;sshd: eventum@notty
10951;eventum;20;0;72200;2884;2112;S;0.0;0.0;0:00.02;/usr/libexec/openssh/sftp-server
11998;root;20;0;0;0;0;S;0.0;0.0;0:00.09;[kworker/10:2]
13152;root;20;0;0;0;0;S;0.0;0.0;0:02.17;[kworker/u25:2]
13245;root;20;0;0;0;0;S;0.0;0.0;0:00.09;[kworker/4:2]
14490;root;20;0;0;0;0;S;0.0;0.0;0:00.00;[kworker/2:1]
14565;root;20;0;0;0;0;S;0.0;0.0;0:00.09;[kworker/1:2]
16517;root;20;0;0;0;0;S;0.0;0.0;0:00.09;[kworker/2:3]
16576;root;20;0;0;0;0;S;0.0;0.0;0:00.07;[kworker/0:0]
18626;root;20;0;0;0;0;S;0.0;0.0;0:00.45;[kworker/5:1]
18671;root;20;0;0;0;0;S;0.0;0.0;0:00.00;[kworker/9:0]
19392;root;20;0;0;0;0;S;0.0;0.0;0:00.17;[kworker/10:1]
21301;root;20;0;0;0;0;S;0.0;0.0;0:00.13;[kworker/1:0]
21593;root;20;0;0;0;0;S;0.0;0.0;0:00.10;[kworker/u25:1]
22215;root;20;0;0;0;0;S;0.0;0.0;0:05.86;[kworker/u26:0]
22622;root;20;0;420748;24748;7264;S;0.0;0.0;37:46.11;/opt/fireeye/bin/xagt -M DAEMON
22761;root;20;0;0;0;0;S;0.0;0.0;0:01.29;[kworker/11:0]
22854;root;20;0;216788;1416;1148;S;0.0;0.0;0:10.81;/opt/fireeye/bin/xagt --mode ProRemSvc --iofd 3 --cmname 12 --log INFO --logfd 4
23753;root;20;0;0;0;0;S;0.0;0.0;0:00.17;[kworker/9:1]
23979;root;20;0;0;0;0;S;0.0;0.0;0:00.00;[kworker/11:2]
24761;spark;20;0;8937412;458792;7308;S;0.0;0.9;34:38.16;/app1/bin/jdk/jdk1.8.0_281/jre/bin/java -cp /app1/apps/spark-3.2.1/conf/:/app1/apps/spark-3.2.1+
25075;root;20;0;0;0;0;S;0.0;0.0;0:00.00;[kworker/6:2]
25829;spark;20;0;8110220;337264;7640;S;0.0;0.7;30:09.87;/app1/bin/jdk/jdk1.8.0_281/jre/bin/java -cp /app1/apps/spark-3.2.1/conf/:/app1/apps/spark-3.2.1+
25830;root;20;0;0;0;0;S;0.0;0.0;0:00.00;[kworker/7:2]
27419;root;20;0;0;0;0;S;0.0;0.0;0:00.00;[kworker/7:0]
27620;postfix;20;0;90412;4192;3100;S;0.0;0.0;0:00.03;pickup -l -t unix -u
27876;root;20;0;0;0;0;S;0.0;0.0;0:32.51;[kworker/u26:1]
28115;root;20;0;0;0;0;S;0.0;0.0;0:00.01;[kworker/8:0]
28520;root;20;0;0;0;0;S;0.0;0.0;0:00.05;[kworker/0:2]
29290;root;20;0;0;0;0;S;0.0;0.0;0:00.01;[kworker/7:1]
29690;root;20;0;0;0;0;S;0.0;0.0;0:00.00;[kworker/5:2]
30103;root;20;0;0;0;0;S;0.0;0.0;0:00.00;[kworker/8:2]
32255;root;20;0;0;0;0;S;0.0;0.0;0:00.00;[kworker/5:0]
32278;root;20;0;0;0;0;S;0.0;0.0;0:00.00;[kworker/8:1]
0;tarek;0;0;0;0;0;S;61;0.0;0:00.05;FreeCPU
